id,identifier,name,Address
2000,org-2000,The Hospital - South,46 Broadfields Runcorn WA7 6UE
2001,org-2001,Beech Hurst Clinic,Apartment 4 Beech Hurst 3 Church Walk Altrincham WA14 4TT
2002,org-2003,Sankey Laboratory,83 Washington Drive Great Sankey WA5 8WZ
2003,org-2004,Medical Clinic Green,23 Green Leach Lane St Helens WA11 9LW
2010,org-2010,The Enter Company,46 Broadfields Runcorn WA7 6UE
2011,org-2011,Input Inc.,Apartment 4 Beech Hurst 3 Church Walk Altrincham WA14 4TT
2012,org-2012,Claim Enterers,83 Washington Drive Great Sankey WA5 8WZ
2013,org-2013,Shift-Enter,23 Green Leach Lane St Helens WA11 9LW
2020,org-2020,The Insurance Company,46 Broadfields Runcorn WA7 6UE
2021,org-2021,Safe-House,Apartment 4 Beech Hurst 3 Church Walk Altrincham WA14 4TT
2022,org-2022,Broadway Insurances,83 Washington Drive Great Sankey WA5 8WZ
2023,org-2023,St Helens Insurance,23 Green Leach Lane St Helens WA11 9LW
2030,org-2030,UK Medical Providers,46 Broadfields Runcorn WA7 6UE
2031,org-2031,Crawford Providers,Apartment 4 Beech Hurst 3 Church Walk Altrincham WA14 4TT
2032,org-2032,The Provider,83 Washington Drive Great Sankey WA5 8WZ
2033,org-2033,MedProv,23 Green Leach Lane St Helens WA11 9LW
